R-Peaks (Sample Index),R-R Interval (Samples)
1900013,640.0
1900045,640.0
1900077,640.0
1900109,640.0
1900141,640.0
1900173,640.0
1900205,640.0
1900237,640.0
1900269,640.0
1900301,640.0
1900334,660.0
1900365,620.0
1900397,640.0
1900429,640.0
1900462,660.0
1900494,640.0
1900526,640.0
1900558,640.0
1900590,640.0
1900622,640.0
1900654,640.0
1900686,640.0
1900718,640.0
1900750,640.0
1900782,640.0
1900814,640.0
1900846,640.0
1900878,640.0
1900910,640.0
1900942,640.0
1900974,640.0
1901006,640.0
1901038,640.0
1901070,640.0
1901102,640.0
1901133,620.0
1901165,640.0
1901197,640.0
1901229,640.0
1901261,640.0
1901293,640.0
1901325,640.0
1901357,640.0
1901389,640.0
1901420,620.0
1901452,640.0
1901484,640.0
1901516,640.0
1901548,640.0
1901579,620.0
1901611,640.0
1901643,640.0
1901675,640.0
1901706,620.0
1901738,640.0
1901770,640.0
1901802,640.0
1901833,620.0
1901865,640.0
1901897,640.0
1901929,640.0
1901961,640.0
1901993,640.0
1902025,640.0
1902057,640.0
1902089,640.0
1902120,620.0
1902152,640.0
1902184,640.0
1902216,640.0
1902248,640.0
1902280,640.0
1902311,620.0
1902343,640.0
1902375,640.0
1902407,640.0
1902440,660.0
1902472,640.0
1902504,640.0
1902536,640.0
1902568,640.0
1902600,640.0
1902632,640.0
1902696,1280.0
1902697,20.0
1902729,640.0
1902761,640.0
1902793,640.0
1902826,660.0
1902858,640.0
1902890,640.0
1902922,640.0
1902954,640.0
1902986,640.0
1903018,640.0
1903050,640.0
1903082,640.0
1903114,640.0
1903146,640.0
1903178,640.0
1903210,640.0
1903241,620.0
1903273,640.0
1903305,640.0
1903337,640.0
1903369,640.0
1903401,640.0
1903433,640.0
1903465,640.0
1903497,640.0
1903529,640.0
1903561,640.0
1903593,640.0
1903625,640.0
1903657,640.0
1903689,640.0
1903721,640.0
1903753,640.0
1903786,660.0
1903817,620.0
1903849,640.0
1903881,640.0
1903913,640.0
1903945,640.0
1903977,640.0
1904009,640.0
1904041,640.0
1904073,640.0
1904104,620.0
1904136,640.0
1904168,640.0
1904200,640.0
1904232,640.0
1904264,640.0
1904296,640.0
1904328,640.0
1904360,640.0
1904392,640.0
1904424,640.0
1904455,620.0
1904487,640.0
1904520,660.0
1904552,640.0
1904583,620.0
1904615,640.0
1904647,640.0
1904679,640.0
1904711,640.0
1904743,640.0
1904775,640.0
1904807,640.0
1904839,640.0
1904872,660.0
1904904,640.0
1904936,640.0
1904968,640.0
1905000,640.0
1905032,640.0
1905064,640.0
1905096,640.0
1905128,640.0
1905160,640.0
1905192,640.0
1905224,640.0
1905256,640.0
1905288,640.0
1905320,640.0
1905352,640.0
1905384,640.0
1905416,640.0
1905448,640.0
1905480,640.0
1905512,640.0
1905544,640.0
1905576,640.0
1905608,640.0
1905640,640.0
1905672,640.0
1905704,640.0
1905736,640.0
1905768,640.0
1905800,640.0
1905832,640.0
1905864,640.0
1905896,640.0
1905928,640.0
1905960,640.0
1905992,640.0
1906024,640.0
1906056,640.0
1906088,640.0
1906120,640.0
1906152,640.0
1906184,640.0
1906216,640.0
1906248,640.0
1906280,640.0
1906312,640.0
1906344,640.0
1906376,640.0
1906408,640.0
1906440,640.0
1906473,660.0
1906505,640.0
1906537,640.0
1906569,640.0
1906601,640.0
1906633,640.0
1906665,640.0
1906697,640.0
1906729,640.0
1906761,640.0
1906793,640.0
1906825,640.0
1906857,640.0
1906889,640.0
1906921,640.0
1906953,640.0
1906985,640.0
1907017,640.0
1907049,640.0
1907081,640.0
1907113,640.0
1907145,640.0
1907177,640.0
1907209,640.0
1907241,640.0
1907272,620.0
1907304,640.0
1907337,660.0
1907368,620.0
1907400,640.0
1907432,640.0
1907464,640.0
1907496,640.0
1907528,640.0
1907560,640.0
1907592,640.0
1907624,640.0
1907656,640.0
1907688,640.0
1907720,640.0
1907752,640.0
1907784,640.0
1907847,1260.0
1907879,640.0
1907880,20.0
1907911,620.0
1907943,640.0
1907975,640.0
1908007,640.0
1908039,640.0
1908071,640.0
1908103,640.0
1908134,620.0
1908166,640.0
1908198,640.0
1908230,640.0
1908261,620.0
1908293,640.0
1908325,640.0
1908356,620.0
1908388,640.0
1908420,640.0
1908452,640.0
1908483,620.0
1908515,640.0
1908547,640.0
1908579,640.0
1908610,620.0
1908642,640.0
1908674,640.0
1908706,640.0
1908738,640.0
1908770,640.0
1908802,640.0
1908833,620.0
1908865,640.0
1908897,640.0
1908929,640.0
1908961,640.0
1908993,640.0
1909025,640.0
1909056,620.0
1909088,640.0
1909121,660.0
1909152,620.0
1909184,640.0
1909216,640.0
1909248,640.0
1909280,640.0
1909312,640.0
1909344,640.0
1909376,640.0
1909408,640.0
1909440,640.0
1909472,640.0
1909504,640.0
1909536,640.0
1909567,620.0
1909599,640.0
1909631,640.0
1909663,640.0
1909695,640.0
1909727,640.0
1909758,620.0
1909790,640.0
1909822,640.0
1909854,640.0
1909886,640.0
1909917,620.0
1909949,640.0
1909981,640.0
1910013,640.0
1910045,640.0
1910076,620.0
1910108,640.0
1910140,640.0
1910172,640.0
1910204,640.0
1910236,640.0
1910268,640.0
1910299,620.0
1910331,640.0
1910363,640.0
1910395,640.0
1910427,640.0
1910459,640.0
1910491,640.0
1910523,640.0
1910555,640.0
1910587,640.0
1910618,620.0
1910650,640.0
1910682,640.0
1910714,640.0
1910746,640.0
1910778,640.0
1910810,640.0
1910842,640.0
1910874,640.0
1910906,640.0
1910937,620.0
1910969,640.0
1911001,640.0
1911033,640.0
1911065,640.0
1911097,640.0
1911129,640.0
1911161,640.0
1911193,640.0
1911225,640.0
1911257,640.0
1911289,640.0
1911320,620.0
1911352,640.0
1911384,640.0
1911416,640.0
1911448,640.0
1911480,640.0
1911511,620.0
1911543,640.0
1911575,640.0
1911607,640.0
1911639,640.0
1911671,640.0
1911702,620.0
1911735,660.0
1911767,640.0
1911799,640.0
1911831,640.0
1911863,640.0
1911895,640.0
1911927,640.0
1911959,640.0
1911991,640.0
1912023,640.0
1912054,620.0
1912087,660.0
1912119,640.0
1912151,640.0
1912182,620.0
1912214,640.0
1912246,640.0
1912278,640.0
1912310,640.0
1912342,640.0
1912373,620.0
1912405,640.0
1912437,640.0
1912469,640.0
1912501,640.0
1912533,640.0
1912565,640.0
1912597,640.0
1912629,640.0
1912661,640.0
1912693,640.0
1912725,640.0
1912757,640.0
1912789,640.0
1912821,640.0
1912853,640.0
1912885,640.0
1912916,620.0
1912948,640.0
1912980,640.0
1913012,640.0
1913044,640.0
1913076,640.0
1913108,640.0
1913140,640.0
1913172,640.0
1913204,640.0
1913236,640.0
1913267,620.0
1913299,640.0
1913331,640.0
1913364,660.0
1913396,640.0
1913428,640.0
1913459,620.0
1913491,640.0
1913523,640.0
1913555,640.0
1913587,640.0
1913619,640.0
1913651,640.0
1913683,640.0
1913715,640.0
1913747,640.0
1913779,640.0
1913811,640.0
1913842,620.0
1913874,640.0
1913906,640.0
1913938,640.0
1913970,640.0
1914002,640.0
1914034,640.0
1914066,640.0
1914098,640.0
1914130,640.0
1914162,640.0
1914194,640.0
1914226,640.0
1914258,640.0
1914290,640.0
1914322,640.0
1914354,640.0
1914386,640.0
1914418,640.0
1914450,640.0
1914482,640.0
1914514,640.0
1914546,640.0
1914578,640.0
1914610,640.0
1914642,640.0
1914673,620.0
1914705,640.0
1914737,640.0
1914769,640.0
1914801,640.0
1914832,620.0
1914864,640.0
1914896,640.0
1914927,620.0
1914959,640.0
1914991,640.0
1915023,640.0
1915054,620.0
1915086,640.0
1915118,640.0
1915150,640.0
1915182,640.0
1915213,620.0
1915245,640.0
1915277,640.0
1915309,640.0
1915341,640.0
1915372,620.0
1915404,640.0
1915436,640.0
1915468,640.0
1915500,640.0
1915531,620.0
1915563,640.0
1915595,640.0
1915627,640.0
1915659,640.0
1915690,620.0
1915722,640.0
1915754,640.0
1915786,640.0
1915818,640.0
1915849,620.0
1915881,640.0
1915913,640.0
1915944,620.0
1915976,640.0
1916008,640.0
1916040,640.0
1916071,620.0
1916103,640.0
1916134,620.0
1916166,640.0
1916198,640.0
1916229,620.0
1916261,640.0
1916292,620.0
1916324,640.0
1916356,640.0
1916387,620.0
1916419,640.0
1916450,620.0
1916482,640.0
1916514,640.0
1916546,640.0
1916578,640.0
1916609,620.0
1916641,640.0
1916673,640.0
1916705,640.0
1916737,640.0
1916769,640.0
1916800,620.0
1916832,640.0
1916864,640.0
1916896,640.0
1916928,640.0
1916960,640.0
1916991,620.0
1917023,640.0
1917055,640.0
1917087,640.0
1917118,620.0
1917150,640.0
1917182,640.0
1917214,640.0
1917246,640.0
1917277,620.0
1917309,640.0
1917341,640.0
1917373,640.0
1917405,640.0
1917437,640.0
1917469,640.0
1917500,620.0
1917532,640.0
1917564,640.0
1917597,660.0
1917629,640.0
1917661,640.0
1917693,640.0
1917725,640.0
1917757,640.0
1917789,640.0
1917821,640.0
1917853,640.0
1917885,640.0
1917916,620.0
1917948,640.0
1917980,640.0
1918012,640.0
1918044,640.0
1918075,620.0
1918107,640.0
1918139,640.0
1918171,640.0
1918202,620.0
1918234,640.0
1918265,620.0
1918297,640.0
1918329,640.0
1918360,620.0
1918392,640.0
1918424,640.0
1918456,640.0
1918488,640.0
1918519,620.0
1918551,640.0
1918583,640.0
1918615,640.0
1918647,640.0
1918678,620.0
1918710,640.0
1918742,640.0
1918773,620.0
1918805,640.0
1918837,640.0
1918869,640.0
1918900,620.0
1918932,640.0
1918964,640.0
1918995,620.0
1919027,640.0
1919059,640.0
1919090,620.0
1919122,640.0
1919154,640.0
1919186,640.0
1919218,640.0
1919249,620.0
1919281,640.0
1919312,620.0
1919344,640.0
1919376,640.0
1919408,640.0
1919439,620.0
1919471,640.0
1919503,640.0
1919535,640.0
1919566,620.0
1919598,640.0
1919630,640.0
1919661,620.0
1919693,640.0
1919725,640.0
1919757,640.0
1919789,640.0
1919820,620.0
1919852,640.0
1919884,640.0
1919916,640.0
1919948,640.0
1919979,620.0
1920011,640.0
1920043,640.0
1920075,640.0
1920107,640.0
1920138,620.0
1920170,640.0
1920202,640.0
1920234,640.0
1920266,640.0
1920298,640.0
1920330,640.0
1920361,620.0
1920393,640.0
1920425,640.0
1920457,640.0
1920489,640.0
1920521,640.0
1920552,620.0
1920584,640.0
1920616,640.0
1920648,640.0
1920680,640.0
1920711,620.0
1920743,640.0
1920775,640.0
1920807,640.0
1920839,640.0
1920870,620.0
1920902,640.0
1920934,640.0
1920966,640.0
1920998,640.0
1921030,640.0
1921062,640.0
1921094,640.0
1921126,640.0
1921158,640.0
1921189,620.0
1921221,640.0
1921253,640.0
1921285,640.0
1921317,640.0
1921348,620.0
1921380,640.0
1921412,640.0
1921444,640.0
1921476,640.0
1921508,640.0
1921539,620.0
1921571,640.0
1921603,640.0
1921635,640.0
1921667,640.0
1921699,640.0
1921730,620.0
1921762,640.0
1921794,640.0
1921826,640.0
1921858,640.0
1921890,640.0
1921922,640.0
1921954,640.0
1921986,640.0
1922018,640.0
1922050,640.0
1922082,640.0
1922114,640.0
1922146,640.0
1922178,640.0
1922211,660.0
1922242,620.0
1922274,640.0
1922306,640.0
1922338,640.0
1922370,640.0
1922402,640.0
1922434,640.0
1922466,640.0
1922498,640.0
1922530,640.0
1922562,640.0
1922594,640.0
1922626,640.0
1922658,640.0
1922690,640.0
1922723,660.0
1922755,640.0
1922787,640.0
1922819,640.0
1922851,640.0
1922883,640.0
1922915,640.0
1922947,640.0
1922979,640.0
1923011,640.0
1923043,640.0
1923075,640.0
1923107,640.0
1923139,640.0
1923171,640.0
1923203,640.0
1923236,660.0
1923268,640.0
1923300,640.0
1923332,640.0
1923364,640.0
1923396,640.0
1923428,640.0
1923460,640.0
1923492,640.0
1923524,640.0
1923556,640.0
1923588,640.0
1923620,640.0
1923652,640.0
1923684,640.0
1923715,620.0
1923748,660.0
1923780,640.0
1923812,640.0
1923843,620.0
1923875,640.0
1923907,640.0
1923939,640.0
1923971,640.0
1924003,640.0
1924034,620.0
1924066,640.0
1924098,640.0
1924130,640.0
1924162,640.0
1924193,620.0
1924225,640.0
1924257,640.0
1924289,640.0
1924320,620.0
1924352,640.0
1924384,640.0
1924416,640.0
1924448,640.0
1924480,640.0
1924512,640.0
1924544,640.0
1924576,640.0
1924608,640.0
1924640,640.0
1924672,640.0
1924704,640.0
1924736,640.0
1924767,620.0
1924799,640.0
1924831,640.0
1924863,640.0
1924895,640.0
1924926,620.0
1924958,640.0
1924990,640.0
1925021,620.0
1925053,640.0
1925085,640.0
1925117,640.0
1925148,620.0
1925180,640.0
1925212,640.0
1925244,640.0
1925275,620.0
1925307,640.0
1925339,640.0
1925371,640.0
1925402,620.0
1925434,640.0
1925465,620.0
1925497,640.0
1925529,640.0
1925561,640.0
1925593,640.0
1925624,620.0
1925656,640.0
1925688,640.0
1925720,640.0
1925752,640.0
1925784,640.0
1925816,640.0
1925848,640.0
1925880,640.0
1925912,640.0
1925944,640.0
1925975,620.0
1926007,640.0
1926039,640.0
1926071,640.0
1926103,640.0
1926135,640.0
1926167,640.0
1926198,620.0
1926230,640.0
1926262,640.0
1926294,640.0
1926326,640.0
1926358,640.0
1926390,640.0
1926422,640.0
1926454,640.0
1926485,620.0
1926517,640.0
1926549,640.0
1926581,640.0
1926613,640.0
1926645,640.0
1926676,620.0
1926708,640.0
1926740,640.0
1926772,640.0
1926804,640.0
1926836,640.0
1926868,640.0
1926900,640.0
1926932,640.0
1926964,640.0
1926996,640.0
1927027,620.0
1927059,640.0
1927091,640.0
1927123,640.0
1927155,640.0
1927187,640.0
1927219,640.0
1927251,640.0
1927283,640.0
1927315,640.0
1927347,640.0
1927379,640.0
1927410,620.0
1927442,640.0
1927474,640.0
1927506,640.0
1927538,640.0
1927570,640.0
1927602,640.0
1927634,640.0
1927666,640.0
1927698,640.0
1927730,640.0
1927761,620.0
1927793,640.0
1927825,640.0
1927857,640.0
1927889,640.0
1927921,640.0
1927952,620.0
1927984,640.0
1928016,640.0
1928048,640.0
1928080,640.0
1928112,640.0
1928143,620.0
1928176,660.0
1928207,620.0
1928239,640.0
1928271,640.0
1928303,640.0
1928335,640.0
1928367,640.0
1928399,640.0
1928431,640.0
1928463,640.0
1928494,620.0
1928526,640.0
1928558,640.0
1928590,640.0
1928622,640.0
1928654,640.0
1928686,640.0
1928718,640.0
1928750,640.0
1928782,640.0
1928813,620.0
1928845,640.0
1928877,640.0
1928909,640.0
1928941,640.0
1928972,620.0
1929004,640.0
1929036,640.0
1929068,640.0
1929099,620.0
1929131,640.0
1929163,640.0
1929194,620.0
1929226,640.0
1929258,640.0
1929290,640.0
1929322,640.0
1929353,620.0
1929385,640.0
1929417,640.0
1929449,640.0
1929481,640.0
1929512,620.0
1929544,640.0
1929576,640.0
1929608,640.0
1929641,660.0
1929672,620.0
1929704,640.0
1929736,640.0
1929768,640.0
1929800,640.0
1929832,640.0
1929864,640.0
1929896,640.0
1929928,640.0
1929959,620.0
1929991,640.0
1930023,640.0
1930055,640.0
1930086,620.0
1930118,640.0
1930150,640.0
1930181,620.0
1930213,640.0
1930244,620.0
1930276,640.0
1930308,640.0
1930340,640.0
1930371,620.0
1930403,640.0
1930435,640.0
1930466,620.0
1930498,640.0
1930530,640.0
1930562,640.0
1930625,1260.0
1930626,20.0
1930657,620.0
1930689,640.0
1930721,640.0
1930753,640.0
1930785,640.0
1930817,640.0
1930849,640.0
1930881,640.0
1930913,640.0
1930945,640.0
1930976,620.0
1931008,640.0
1931040,640.0
1931072,640.0
1931104,640.0
1931136,640.0
1931168,640.0
1931200,640.0
1931232,640.0
1931264,640.0
1931295,620.0
1931327,640.0
1931359,640.0
1931391,640.0
1931423,640.0
1931455,640.0
1931487,640.0
1931519,640.0
1931551,640.0
1931583,640.0
1931615,640.0
1931647,640.0
1931678,620.0
1931710,640.0
1931742,640.0
1931774,640.0
1931806,640.0
1931838,640.0
1931870,640.0
1931902,640.0
1931934,640.0
1931965,620.0
1931997,640.0
1932029,640.0
1932061,640.0
1932093,640.0
1932125,640.0
1932157,640.0
1932189,640.0
1932221,640.0
1932253,640.0
1932285,640.0
1932317,640.0
1932349,640.0
1932381,640.0
1932413,640.0
1932445,640.0
1932477,640.0
1932509,640.0
1932541,640.0
1932573,640.0
1932605,640.0
1932637,640.0
1932669,640.0
1932701,640.0
1932733,640.0
1932765,640.0
1932797,640.0
1932829,640.0
1932861,640.0
1932893,640.0
1932925,640.0
1932957,640.0
1932989,640.0
1933021,640.0
1933053,640.0
1933085,640.0
1933117,640.0
1933149,640.0
1933181,640.0
1933213,640.0
1933245,640.0
1933277,640.0
1933309,640.0
1933341,640.0
1933373,640.0
1933405,640.0
1933437,640.0
1933469,640.0
1933501,640.0
1933533,640.0
1933566,660.0
1933597,620.0
1933630,660.0
1933662,640.0
1933694,640.0
1933726,640.0
1933758,640.0
1933790,640.0
1933822,640.0
1933855,660.0
1933887,640.0
1933919,640.0
1933951,640.0
1933983,640.0
1934015,640.0
1934047,640.0
1934079,640.0
1934112,660.0
1934144,640.0
1934176,640.0
1934208,640.0
1934240,640.0
1934272,640.0
1934304,640.0
1934337,660.0
1934369,640.0
1934401,640.0
1934433,640.0
1934465,640.0
1934497,640.0
1934529,640.0
1934562,660.0
1934594,640.0
1934626,640.0
1934658,640.0
1934690,640.0
1934723,660.0
1934755,640.0
1934787,640.0
1934819,640.0
1934851,640.0
1934883,640.0
1934916,660.0
1934948,640.0
1934980,640.0
1935012,640.0
1935044,640.0
1935077,660.0
1935109,640.0
1935141,640.0
1935173,640.0
1935205,640.0
1935237,640.0
1935269,640.0
1935301,640.0
1935333,640.0
1935365,640.0
1935397,640.0
1935430,660.0
1935462,640.0
1935494,640.0
1935526,640.0
1935558,640.0
1935590,640.0
1935623,660.0
1935655,640.0
1935687,640.0
1935719,640.0
1935751,640.0
1935783,640.0
1935815,640.0
1935847,640.0
1935879,640.0
1935911,640.0
1935943,640.0
1935975,640.0
1936007,640.0
1936039,640.0
1936071,640.0
1936103,640.0
1936135,640.0
1936167,640.0
1936199,640.0
1936231,640.0
1936263,640.0
1936295,640.0
1936327,640.0
1936359,640.0
1936391,640.0
1936422,620.0
1936454,640.0
1936487,660.0
1936518,620.0
1936550,640.0
1936582,640.0
1936614,640.0
1936646,640.0
1936678,640.0
1936710,640.0
1936741,620.0
1936773,640.0
1936805,640.0
1936837,640.0
1936869,640.0
1936901,640.0
1936933,640.0
1936964,620.0
1936996,640.0
1937028,640.0
1937060,640.0
1937092,640.0
1937123,620.0
1937155,640.0
1937187,640.0
1937219,640.0
1937250,620.0
1937282,640.0
1937314,640.0
1937345,620.0
1937377,640.0
1937409,640.0
1937441,640.0
1937473,640.0
1937505,640.0
1937537,640.0
1937569,640.0
1937601,640.0
1937633,640.0
1937665,640.0
1937697,640.0
1937729,640.0
1937761,640.0
1937793,640.0
1937825,640.0
1937857,640.0
1937889,640.0
1937921,640.0
1937953,640.0
1937985,640.0
1938017,640.0
1938049,640.0
1938082,660.0
1938114,640.0
1938146,640.0
1938178,640.0
1938210,640.0
1938242,640.0
1938274,640.0
1938306,640.0
1938338,640.0
1938370,640.0
1938402,640.0
1938434,640.0
1938466,640.0
1938498,640.0
1938530,640.0
1938593,1260.0
1938594,20.0
1938625,620.0
1938657,640.0
1938689,640.0
1938721,640.0
1938752,620.0
1938784,640.0
1938816,640.0
1938848,640.0
1938880,640.0
1938912,640.0
1938944,640.0
1938976,640.0
1939008,640.0
1939040,640.0
1939072,640.0
1939104,640.0
1939136,640.0
1939168,640.0
1939200,640.0
1939232,640.0
1939264,640.0
1939296,640.0
1939328,640.0
1939360,640.0
1939392,640.0
1939424,640.0
1939456,640.0
1939488,640.0
1939520,640.0
1939552,640.0
1939584,640.0
1939615,620.0
1939647,640.0
1939679,640.0
1939711,640.0
1939743,640.0
1939775,640.0
1939807,640.0
1939840,660.0
1939872,640.0
1939904,640.0
1939936,640.0
1939968,640.0
1940000,640.0
1940032,640.0
1940064,640.0
1940096,640.0
1940128,640.0
1940160,640.0
1940192,640.0
1940224,640.0
1940256,640.0
1940288,640.0
1940320,640.0
1940352,640.0
1940384,640.0
1940416,640.0
1940448,640.0
1940480,640.0
1940512,640.0
1940544,640.0
1940576,640.0
1940608,640.0
1940640,640.0
1940672,640.0
1940704,640.0
1940736,640.0
1940767,620.0
1940799,640.0
1940831,640.0
1940863,640.0
1940895,640.0
1940927,640.0
1940959,640.0
1940990,620.0
1941022,640.0
1941054,640.0
1941086,640.0
1941118,640.0
1941150,640.0
1941182,640.0
1941213,620.0
1941245,640.0
1941277,640.0
1941309,640.0
1941341,640.0
1941373,640.0
1941405,640.0
1941437,640.0
1941469,640.0
1941501,640.0
1941533,640.0
1941564,620.0
1941596,640.0
1941628,640.0
1941660,640.0
1941692,640.0
1941724,640.0
1941756,640.0
1941788,640.0
1941820,640.0
1941852,640.0
1941884,640.0
1941916,640.0
1941948,640.0
1941980,640.0
1942011,620.0
1942043,640.0
1942075,640.0
1942107,640.0
1942139,640.0
1942171,640.0
1942202,620.0
1942234,640.0
1942266,640.0
1942298,640.0
1942330,640.0
1942362,640.0
1942393,620.0
1942425,640.0
1942457,640.0
1942489,640.0
1942521,640.0
1942553,640.0
1942585,640.0
1942616,620.0
1942648,640.0
1942680,640.0
1942712,640.0
1942744,640.0
1942776,640.0
1942808,640.0
1942839,620.0
1942871,640.0
1942903,640.0
1942934,620.0
1942966,640.0
1942998,640.0
1943029,620.0
1943061,640.0
1943093,640.0
1943124,620.0
1943156,640.0
1943188,640.0
1943220,640.0
1943283,1260.0
1943284,20.0
1943315,620.0
1943347,640.0
1943379,640.0
1943411,640.0
1943443,640.0
1943475,640.0
1943507,640.0
1943540,660.0
1943572,640.0
1943604,640.0
1943636,640.0
1943668,640.0
1943700,640.0
1943732,640.0
1943764,640.0
1943796,640.0
1943828,640.0
1943860,640.0
1943892,640.0
1943924,640.0
1943956,640.0
1943988,640.0
1944020,640.0
1944052,640.0
1944084,640.0
1944116,640.0
1944148,640.0
1944180,640.0
1944211,620.0
1944243,640.0
1944275,640.0
1944307,640.0
1944339,640.0
1944371,640.0
1944403,640.0
1944435,640.0
1944467,640.0
1944499,640.0
1944531,640.0
1944563,640.0
1944595,640.0
1944627,640.0
1944659,640.0
1944691,640.0
1944723,640.0
1944755,640.0
1944787,640.0
1944819,640.0
1944851,640.0
1944883,640.0
1944914,620.0
1944946,640.0
1944978,640.0
1945010,640.0
1945041,620.0
1945073,640.0
1945105,640.0
1945137,640.0
1945169,640.0
1945201,640.0
1945232,620.0
1945264,640.0
1945296,640.0
1945328,640.0
1945360,640.0
1945392,640.0
1945424,640.0
1945456,640.0
1945488,640.0
1945520,640.0
1945552,640.0
1945584,640.0
1945616,640.0
1945648,640.0
1945680,640.0
1945712,640.0
1945744,640.0
1945776,640.0
1945808,640.0
1945840,640.0
1945872,640.0
1945904,640.0
1945936,640.0
1945968,640.0
1946000,640.0
1946033,660.0
1946065,640.0
1946097,640.0
1946129,640.0
1946161,640.0
1946193,640.0
1946225,640.0
1946257,640.0
1946288,620.0
1946320,640.0
1946352,640.0
1946384,640.0
1946416,640.0
1946448,640.0
1946480,640.0
1946512,640.0
1946544,640.0
1946576,640.0
1946608,640.0
1946640,640.0
1946672,640.0
1946704,640.0
1946736,640.0
1946768,640.0
1946800,640.0
1946832,640.0
1946864,640.0
1946896,640.0
1946929,660.0
1946961,640.0
1946992,620.0
1947024,640.0
1947056,640.0
1947088,640.0
1947120,640.0
1947152,640.0
1947184,640.0
1947216,640.0
1947248,640.0
1947280,640.0
1947312,640.0
1947344,640.0
1947376,640.0
1947408,640.0
1947440,640.0
1947472,640.0
1947504,640.0
1947536,640.0
1947568,640.0
1947600,640.0
1947632,640.0
1947664,640.0
1947695,620.0
1947727,640.0
1947759,640.0
1947791,640.0
1947823,640.0
1947855,640.0
1947887,640.0
1947919,640.0
1947951,640.0
1947983,640.0
1948015,640.0
1948047,640.0
1948078,620.0
1948111,660.0
1948143,640.0
1948175,640.0
1948207,640.0
1948239,640.0
1948271,640.0
1948303,640.0
1948335,640.0
1948367,640.0
1948399,640.0
1948431,640.0
1948463,640.0
1948495,640.0
1948527,640.0
1948559,640.0
1948591,640.0
1948623,640.0
1948655,640.0
1948687,640.0
1948719,640.0
1948751,640.0
1948783,640.0
1948815,640.0
1948846,620.0
1948878,640.0
1948910,640.0
1948942,640.0
1948973,620.0
1949005,640.0
1949037,640.0
1949069,640.0
1949100,620.0
1949132,640.0
1949164,640.0
1949195,620.0
1949227,640.0
1949259,640.0
1949291,640.0
1949322,620.0
1949354,640.0
1949386,640.0
1949418,640.0
1949450,640.0
1949482,640.0
1949514,640.0
1949546,640.0
1949578,640.0
1949610,640.0
1949642,640.0
1949674,640.0
1949706,640.0
1949738,640.0
1949770,640.0
1949802,640.0
1949834,640.0
1949866,640.0
1949898,640.0
1949930,640.0
1949962,640.0
1949994,640.0
1950025,620.0
1950057,640.0
1950089,640.0
1950121,640.0
1950153,640.0
1950184,620.0
1950216,640.0
1950248,640.0
1950280,640.0
1950312,640.0
1950344,640.0
1950376,640.0
1950408,640.0
1950440,640.0
1950472,640.0
1950503,620.0
1950535,640.0
1950567,640.0
1950599,640.0
1950631,640.0
1950663,640.0
1950695,640.0
1950727,640.0
1950759,640.0
1950791,640.0
1950823,640.0
1950855,640.0
1950887,640.0
1950918,620.0
1950950,640.0
1950982,640.0
1951014,640.0
1951046,640.0
1951078,640.0
1951110,640.0
1951142,640.0
1951174,640.0
1951205,620.0
1951237,640.0
1951269,640.0
1951300,620.0
1951332,640.0
1951364,640.0
1951396,640.0
1951427,620.0
1951459,640.0
1951491,640.0
1951523,640.0
1951555,640.0
1951586,620.0
1951618,640.0
1951650,640.0
1951682,640.0
1951713,620.0
1951745,640.0
1951777,640.0
1951808,620.0
1951840,640.0
1951872,640.0
1951904,640.0
1951935,620.0
1951967,640.0
1951999,640.0
1952031,640.0
1952062,620.0
1952094,640.0
1952126,640.0
1952158,640.0
1952190,640.0
1952221,620.0
1952253,640.0
1952285,640.0
1952316,620.0
1952348,640.0
1952380,640.0
1952412,640.0
1952444,640.0
1952475,620.0
1952507,640.0
1952539,640.0
1952571,640.0
1952603,640.0
1952634,620.0
1952666,640.0
1952698,640.0
1952730,640.0
1952762,640.0
1952793,620.0
1952825,640.0
1952856,620.0
1952888,640.0
1952920,640.0
1952952,640.0
1952984,640.0
1953015,620.0
1953047,640.0
1953079,640.0
1953111,640.0
1953143,640.0
1953174,620.0
1953206,640.0
1953238,640.0
1953270,640.0
1953302,640.0
1953334,640.0
1953366,640.0
1953398,640.0
1953430,640.0
1953462,640.0
1953493,620.0
1953525,640.0
1953557,640.0
1953589,640.0
1953620,620.0
1953652,640.0
1953684,640.0
1953715,620.0
1953747,640.0
1953778,620.0
1953810,640.0
1953842,640.0
1953873,620.0
1953905,640.0
1953937,640.0
1953968,620.0
1954000,640.0
1954032,640.0
1954064,640.0
1954095,620.0
1954127,640.0
1954159,640.0
1954191,640.0
1954222,620.0
1954254,640.0
1954286,640.0
1954318,640.0
1954349,620.0
1954381,640.0
1954413,640.0
1954444,620.0
1954476,640.0
1954508,640.0
1954540,640.0
1954571,620.0
1954603,640.0
1954634,620.0
1954666,640.0
1954698,640.0
1954730,640.0
1954761,620.0
1954793,640.0
1954825,640.0
1954857,640.0
1954888,620.0
1954920,640.0
1954952,640.0
1954983,620.0
1955015,640.0
1955047,640.0
1955078,620.0
1955110,640.0
1955141,620.0
1955173,640.0
1955205,640.0
1955237,640.0
1955268,620.0
1955300,640.0
1955331,620.0
1955363,640.0
1955395,640.0
1955426,620.0
1955458,640.0
1955489,620.0
1955521,640.0
1955553,640.0
1955585,640.0
1955616,620.0
1955648,640.0
1955679,620.0
1955711,640.0
1955743,640.0
1955775,640.0
1955806,620.0
1955838,640.0
1955870,640.0
1955902,640.0
1955934,640.0
1955966,640.0
1955997,620.0
1956029,640.0
1956061,640.0
1956093,640.0
1956125,640.0
1956156,620.0
1956188,640.0
1956220,640.0
1956252,640.0
1956283,620.0
1956315,640.0
1956347,640.0
1956378,620.0
1956410,640.0
1956442,640.0
1956474,640.0
1956506,640.0
1956537,620.0
1956569,640.0
1956601,640.0
1956633,640.0
1956665,640.0
1956696,620.0
1956728,640.0
1956760,640.0
1956792,640.0
1956824,640.0
1956855,620.0
1956887,640.0
1956918,620.0
1956950,640.0
1956982,640.0
1957014,640.0
1957045,620.0
1957077,640.0
1957108,620.0
1957140,640.0
1957172,640.0
1957204,640.0
1957235,620.0
1957267,640.0
1957299,640.0
1957330,620.0
1957362,640.0
1957394,640.0
1957426,640.0
1957458,640.0
1957489,620.0
1957521,640.0
1957553,640.0
1957585,640.0
1957617,640.0
1957649,640.0
1957681,640.0
1957712,620.0
1957744,640.0
1957776,640.0
1957808,640.0
1957839,620.0
1957871,640.0
1957903,640.0
1957935,640.0
1957966,620.0
1957998,640.0
1958030,640.0
1958062,640.0
1958093,620.0
1958125,640.0
1958157,640.0
1958189,640.0
1958220,620.0
1958252,640.0
1958284,640.0
1958316,640.0
1958347,620.0
1958379,640.0
1958411,640.0
1958443,640.0
1958475,640.0
1958507,640.0
1958539,640.0
1958571,640.0
1958603,640.0
1958634,620.0
1958666,640.0
1958698,640.0
1958730,640.0
1958762,640.0
1958794,640.0
1958826,640.0
1958857,620.0
1958889,640.0
1958921,640.0
1958953,640.0
1958985,640.0
1959017,640.0
1959049,640.0
1959081,640.0
1959113,640.0
1959145,640.0
1959177,640.0
1959240,1260.0
1959241,20.0
1959272,620.0
1959304,640.0
1959336,640.0
1959368,640.0
1959400,640.0
1959432,640.0
1959463,620.0
1959495,640.0
1959527,640.0
1959558,620.0
1959590,640.0
1959622,640.0
1959653,620.0
1959685,640.0
1959717,640.0
1959748,620.0
1959780,640.0
1959812,640.0
1959844,640.0
1959875,620.0
1959907,640.0
1959939,640.0
1959971,640.0
1960003,640.0
1960035,640.0
1960067,640.0
1960098,620.0
1960130,640.0
1960162,640.0
1960194,640.0
1960226,640.0
1960258,640.0
1960289,620.0
1960321,640.0
1960353,640.0
1960385,640.0
1960416,620.0
1960448,640.0
1960480,640.0
1960512,640.0
1960543,620.0
1960575,640.0
1960607,640.0
1960638,620.0
1960670,640.0
1960702,640.0
1960733,620.0
1960765,640.0
1960796,620.0
1960828,640.0
1960860,640.0
1960891,620.0
1960923,640.0
1960955,640.0
1960986,620.0
1961018,640.0
1961050,640.0
1961082,640.0
1961114,640.0
1961145,620.0
1961177,640.0
1961209,640.0
1961241,640.0
1961272,620.0
1961304,640.0
1961335,620.0
1961367,640.0
1961399,640.0
1961430,620.0
1961462,640.0
1961493,620.0
1961525,640.0
1961557,640.0
1961588,620.0
1961620,640.0
1961652,640.0
1961683,620.0
1961715,640.0
1961747,640.0
1961779,640.0
1961811,640.0
1961842,620.0
1961874,640.0
1961906,640.0
1961938,640.0
1961970,640.0
1962001,620.0
1962033,640.0
1962064,620.0
1962096,640.0
1962128,640.0
1962160,640.0
1962191,620.0
1962223,640.0
1962255,640.0
1962287,640.0
1962318,620.0
1962350,640.0
1962381,620.0
1962413,640.0
1962445,640.0
1962477,640.0
1962508,620.0
1962540,640.0
1962571,620.0
1962603,640.0
1962635,640.0
1962667,640.0
1962699,640.0
1962730,620.0
1962762,640.0
1962794,640.0
1962826,640.0
1962858,640.0
1962889,620.0
1962921,640.0
1962953,640.0
1962985,640.0
1963016,620.0
1963048,640.0
1963079,620.0
1963111,640.0
1963143,640.0
1963174,620.0
1963206,640.0
1963238,640.0
1963269,620.0
1963301,640.0
1963333,640.0
1963364,620.0
1963396,640.0
1963428,640.0
1963459,620.0
1963491,640.0
1963523,640.0
1963555,640.0
1963586,620.0
1963618,640.0
1963650,640.0
1963682,640.0
1963713,620.0
1963745,640.0
1963776,620.0
1963808,640.0
1963840,640.0
1963872,640.0
1963903,620.0
1963935,640.0
1963966,620.0
1963998,640.0
1964030,640.0
1964061,620.0
1964093,640.0
1964125,640.0
1964156,620.0
1964188,640.0
1964220,640.0
1964251,620.0
1964283,640.0
1964314,620.0
1964346,640.0
1964378,640.0
1964410,640.0
1964441,620.0
1964473,640.0
1964505,640.0
1964537,640.0
1964569,640.0
1964600,620.0
1964632,640.0
1964663,620.0
1964695,640.0
1964727,640.0
1964758,620.0
1964790,640.0
1964822,640.0
1964853,620.0
1964885,640.0
1964916,620.0
1964948,640.0
1964979,620.0
1965011,640.0
1965042,620.0
1965074,640.0
1965106,640.0
1965138,640.0
1965169,620.0
1965201,640.0
1965232,620.0
1965264,640.0
1965296,640.0
1965327,620.0
1965359,640.0
1965391,640.0
1965422,620.0
1965454,640.0
1965486,640.0
1965517,620.0
1965549,640.0
1965581,640.0
1965612,620.0
1965644,640.0
1965676,640.0
1965708,640.0
1965739,620.0
1965771,640.0
1965803,640.0
1965835,640.0
1965866,620.0
1965898,640.0
1965930,640.0
1965962,640.0
1965993,620.0
1966025,640.0
1966057,640.0
1966088,620.0
1966120,640.0
1966152,640.0
1966183,620.0
1966215,640.0
1966246,620.0
1966278,640.0
1966309,620.0
1966341,640.0
1966373,640.0
1966404,620.0
1966436,640.0
1966467,620.0
1966499,640.0
1966531,640.0
1966562,620.0
1966594,640.0
1966626,640.0
1966658,640.0
1966689,620.0
1966721,640.0
1966753,640.0
1966784,620.0
1966816,640.0
1966848,640.0
1966879,620.0
1966911,640.0
1966942,620.0
1966974,640.0
1967006,640.0
1967037,620.0
1967069,640.0
1967100,620.0
1967132,640.0
1967163,620.0
1967195,640.0
1967227,640.0
1967258,620.0
1967290,640.0
1967322,640.0
1967353,620.0
1967385,640.0
1967417,640.0
1967449,640.0
1967481,640.0
1967512,620.0
1967544,640.0
1967576,640.0
1967608,640.0
1967640,640.0
1967671,620.0
1967703,640.0
1967735,640.0
1967767,640.0
1967798,620.0
1967830,640.0
1967862,640.0
1967894,640.0
1967926,640.0
1967958,640.0
1967989,620.0
1968021,640.0
1968053,640.0
1968085,640.0
1968117,640.0
1968148,620.0
1968180,640.0
1968212,640.0
1968244,640.0
1968276,640.0
1968308,640.0
1968340,640.0
1968371,620.0
1968403,640.0
1968435,640.0
1968467,640.0
1968499,640.0
1968530,620.0
1968562,640.0
1968594,640.0
1968626,640.0
1968657,620.0
1968689,640.0
1968720,620.0
1968752,640.0
1968783,620.0
1968815,640.0
1968847,640.0
1968878,620.0
1968910,640.0
1968942,640.0
1968973,620.0
1969005,640.0
1969037,640.0
1969068,620.0
1969100,640.0
1969132,640.0
1969163,620.0
1969195,640.0
1969227,640.0
1969258,620.0
1969290,640.0
1969322,640.0
1969354,640.0
1969385,620.0
1969417,640.0
1969449,640.0
1969480,620.0
1969512,640.0
1969544,640.0
1969576,640.0
1969607,620.0
1969639,640.0
1969671,640.0
1969703,640.0
1969735,640.0
1969766,620.0
1969798,640.0
1969830,640.0
1969862,640.0
1969893,620.0
1969925,640.0
1969956,620.0
1969988,640.0
1970020,640.0
1970051,620.0
1970083,640.0
1970114,620.0
1970146,640.0
1970178,640.0
1970209,620.0
1970241,640.0
1970272,620.0
1970304,640.0
1970335,620.0
1970367,640.0
1970399,640.0
1970430,620.0
1970462,640.0
1970494,640.0
1970525,620.0
1970557,640.0
1970589,640.0
1970620,620.0
1970652,640.0
1970684,640.0
1970715,620.0
1970747,640.0
1970779,640.0
1970810,620.0
1970842,640.0
1970874,640.0
1970905,620.0
1970937,640.0
1970969,640.0
1971000,620.0
1971032,640.0
1971064,640.0
1971095,620.0
1971127,640.0
1971159,640.0
1971190,620.0
1971222,640.0
1971253,620.0
1971285,640.0
1971317,640.0
1971348,620.0
1971380,640.0
1971412,640.0
1971444,640.0
1971475,620.0
1971507,640.0
1971539,640.0
1971570,620.0
1971602,640.0
1971634,640.0
1971666,640.0
1971697,620.0
1971729,640.0
1971761,640.0
1971792,620.0
1971824,640.0
1971856,640.0
1971888,640.0
1971919,620.0
1971951,640.0
1971983,640.0
1972015,640.0
1972046,620.0
1972078,640.0
1972110,640.0
1972142,640.0
1972174,640.0
1972206,640.0
1972238,640.0
1972269,620.0
1972301,640.0
1972333,640.0
1972365,640.0
1972397,640.0
1972428,620.0
1972460,640.0
1972492,640.0
1972524,640.0
1972556,640.0
1972588,640.0
1972619,620.0
1972651,640.0
1972683,640.0
1972715,640.0
1972747,640.0
1972778,620.0
1972810,640.0
1972842,640.0
1972874,640.0
1972905,620.0
1972937,640.0
1972969,640.0
1973000,620.0
1973032,640.0
1973064,640.0
1973096,640.0
1973127,620.0
1973159,640.0
1973191,640.0
1973223,640.0
1973254,620.0
1973286,640.0
1973317,620.0
1973349,640.0
1973381,640.0
1973413,640.0
1973444,620.0
1973476,640.0
1973507,620.0
1973539,640.0
1973571,640.0
1973603,640.0
1973634,620.0
1973666,640.0
1973697,620.0
1973729,640.0
1973761,640.0
1973792,620.0
1973824,640.0
1973856,640.0
1973887,620.0
1973919,640.0
1973951,640.0
1973983,640.0
1974015,640.0
1974046,620.0
1974078,640.0
1974110,640.0
1974142,640.0
1974174,640.0
1974205,620.0
1974237,640.0
1974269,640.0
1974301,640.0
1974333,640.0
1974365,640.0
1974397,640.0
1974429,640.0
1974461,640.0
1974493,640.0
1974524,620.0
1974556,640.0
1974588,640.0
1974620,640.0
1974651,620.0
1974683,640.0
1974715,640.0
1974746,620.0
1974778,640.0
1974810,640.0
1974842,640.0
1974873,620.0
1974905,640.0
1974937,640.0
1974969,640.0
1975000,620.0
1975032,640.0
1975064,640.0
1975096,640.0
1975159,1260.0
1975160,20.0
1975191,620.0
1975223,640.0
1975255,640.0
1975286,620.0
1975318,640.0
1975350,640.0
1975382,640.0
1975414,640.0
1975446,640.0
1975477,620.0
1975509,640.0
1975541,640.0
1975573,640.0
1975605,640.0
1975637,640.0
1975668,620.0
1975700,640.0
1975732,640.0
1975764,640.0
1975795,620.0
1975827,640.0
1975859,640.0
1975891,640.0
1975923,640.0
1975954,620.0
1975986,640.0
1976018,640.0
1976050,640.0
1976081,620.0
1976113,640.0
1976145,640.0
1976177,640.0
1976208,620.0
1976240,640.0
1976272,640.0
1976304,640.0
1976336,640.0
1976367,620.0
1976399,640.0
1976431,640.0
1976463,640.0
1976495,640.0
1976526,620.0
1976558,640.0
1976590,640.0
1976622,640.0
1976654,640.0
1976685,620.0
1976717,640.0
1976749,640.0
1976781,640.0
1976813,640.0
1976845,640.0
1976876,620.0
1976908,640.0
1976940,640.0
1976972,640.0
1977004,640.0
1977036,640.0
1977068,640.0
1977100,640.0
1977132,640.0
1977164,640.0
1977196,640.0
1977227,620.0
1977259,640.0
1977292,660.0
1977323,620.0
1977355,640.0
1977387,640.0
1977419,640.0
1977451,640.0
1977483,640.0
1977515,640.0
1977547,640.0
1977578,620.0
1977642,1280.0
1977674,640.0
1977675,20.0
1977706,620.0
1977738,640.0
1977770,640.0
1977802,640.0
1977834,640.0
1977866,640.0
1977898,640.0
1977930,640.0
1977962,640.0
1977994,640.0
1978025,620.0
1978057,640.0
1978089,640.0
1978121,640.0
1978153,640.0
1978185,640.0
1978216,620.0
1978248,640.0
1978280,640.0
1978312,640.0
1978344,640.0
1978375,620.0
1978407,640.0
1978439,640.0
1978470,620.0
1978502,640.0
1978534,640.0
1978566,640.0
1978597,620.0
1978629,640.0
1978661,640.0
1978693,640.0
1978725,640.0
1978756,620.0
1978788,640.0
1978820,640.0
1978852,640.0
1978884,640.0
1978915,620.0
1978947,640.0
1978979,640.0
1979011,640.0
1979043,640.0
1979074,620.0
1979106,640.0
1979138,640.0
1979169,620.0
1979201,640.0
1979233,640.0
1979264,620.0
1979296,640.0
1979328,640.0
1979360,640.0
1979391,620.0
1979423,640.0
1979455,640.0
1979487,640.0
1979518,620.0
1979550,640.0
1979582,640.0
1979614,640.0
1979645,620.0
1979677,640.0
1979709,640.0
1979741,640.0
1979772,620.0
1979804,640.0
1979836,640.0
1979868,640.0
1979899,620.0
1979931,640.0
1979963,640.0
1979995,640.0
1980026,620.0
1980058,640.0
1980090,640.0
1980122,640.0
1980154,640.0
1980186,640.0
1980217,620.0
1980249,640.0
1980281,640.0
1980313,640.0
1980345,640.0
1980377,640.0
1980409,640.0
1980441,640.0
1980473,640.0
1980504,620.0
1980536,640.0
1980568,640.0
1980600,640.0
1980632,640.0
1980664,640.0
1980695,620.0
1980727,640.0
1980759,640.0
1980791,640.0
1980823,640.0
1980854,620.0
1980886,640.0
1980918,640.0
1980950,640.0
1980982,640.0
1981014,640.0
1981045,620.0
1981077,640.0
1981109,640.0
1981141,640.0
1981173,640.0
1981205,640.0
1981236,620.0
1981268,640.0
1981300,640.0
1981332,640.0
1981364,640.0
1981396,640.0
1981427,620.0
1981459,640.0
1981491,640.0
1981523,640.0
1981555,640.0
1981586,620.0
1981618,640.0
1981650,640.0
1981682,640.0
1981713,620.0
1981745,640.0
1981777,640.0
1981808,620.0
1981840,640.0
1981872,640.0
1981904,640.0
1981936,640.0
1981968,640.0
1981999,620.0
1982031,640.0
1982063,640.0
1982095,640.0
1982126,620.0
1982158,640.0
1982190,640.0
1982222,640.0
1982254,640.0
1982286,640.0
1982317,620.0
1982349,640.0
1982381,640.0
1982413,640.0
1982445,640.0
1982476,620.0
1982508,640.0
1982540,640.0
1982572,640.0
1982603,620.0
1982635,640.0
1982667,640.0
1982698,620.0
1982730,640.0
1982762,640.0
1982794,640.0
1982826,640.0
1982858,640.0
1982890,640.0
1982921,620.0
1982953,640.0
1982985,640.0
1983017,640.0
1983049,640.0
1983081,640.0
1983113,640.0
1983144,620.0
1983176,640.0
1983208,640.0
1983240,640.0
1983272,640.0
1983301,580.0
1983332,620.0
1983364,640.0
1983396,640.0
1983428,640.0
1983460,640.0
1983492,640.0
1983524,640.0
1983556,640.0
1983588,640.0
1983620,640.0
1983652,640.0
1983684,640.0
1983715,620.0
1983747,640.0
1983779,640.0
1983811,640.0
1983843,640.0
1983874,620.0
1983906,640.0
1983938,640.0
1983970,640.0
1984001,620.0
1984033,640.0
1984065,640.0
1984097,640.0
1984128,620.0
1984160,640.0
1984192,640.0
1984224,640.0
1984256,640.0
1984287,620.0
1984319,640.0
1984351,640.0
1984383,640.0
1984415,640.0
1984447,640.0
1984479,640.0
1984511,640.0
1984543,640.0
1984574,620.0
1984606,640.0
1984638,640.0
1984670,640.0
1984702,640.0
1984734,640.0
1984765,620.0
1984797,640.0
1984829,640.0
1984861,640.0
1984892,620.0
1984924,640.0
1984956,640.0
1984987,620.0
1985019,640.0
1985051,640.0
1985082,620.0
1985114,640.0
1985145,620.0
1985177,640.0
1985208,620.0
1985240,640.0
1985272,640.0
1985303,620.0
1985335,640.0
1985366,620.0
1985398,640.0
1985430,640.0
1985462,640.0
1985493,620.0
1985525,640.0
1985557,640.0
1985589,640.0
1985621,640.0
1985652,620.0
1985684,640.0
1985716,640.0
1985748,640.0
1985780,640.0
1985812,640.0
1985844,640.0
1985875,620.0
1985907,640.0
1985939,640.0
1985971,640.0
1986003,640.0
1986035,640.0
1986066,620.0
1986098,640.0
1986130,640.0
1986162,640.0
1986194,640.0
1986225,620.0
1986257,640.0
1986289,640.0
1986321,640.0
1986352,620.0
1986384,640.0
1986416,640.0
1986448,640.0
1986480,640.0
1986512,640.0
1986543,620.0
1986575,640.0
1986607,640.0
1986639,640.0
1986671,640.0
1986702,620.0
1986734,640.0
1986765,620.0
1986797,640.0
1986829,640.0
1986861,640.0
1986892,620.0
1986924,640.0
1986955,620.0
1986987,640.0
1987019,640.0
1987051,640.0
1987082,620.0
1987114,640.0
1987146,640.0
1987178,640.0
1987210,640.0
1987242,640.0
1987273,620.0
1987305,640.0
1987337,640.0
1987369,640.0
1987401,640.0
1987433,640.0
1987464,620.0
1987496,640.0
1987528,640.0
1987560,640.0
1987591,620.0
1987623,640.0
1987655,640.0
1987687,640.0
1987719,640.0
1987750,620.0
1987782,640.0
1987814,640.0
1987846,640.0
1987877,620.0
1987909,640.0
1987941,640.0
1987973,640.0
1988004,620.0
1988036,640.0
1988068,640.0
1988100,640.0
1988132,640.0
1988163,620.0
1988195,640.0
1988227,640.0
1988259,640.0
1988291,640.0
1988322,620.0
1988354,640.0
1988386,640.0
1988418,640.0
1988450,640.0
1988481,620.0
1988513,640.0
1988545,640.0
1988577,640.0
1988609,640.0
1988641,640.0
1988673,640.0
1988704,620.0
1988736,640.0
1988768,640.0
1988800,640.0
1988832,640.0
1988864,640.0
1988896,640.0
1988928,640.0
1988959,620.0
1988991,640.0
1989023,640.0
1989055,640.0
1989086,620.0
1989118,640.0
1989150,640.0
1989181,620.0
1989213,640.0
1989245,640.0
1989276,620.0
1989308,640.0
1989340,640.0
1989371,620.0
1989403,640.0
1989435,640.0
1989467,640.0
1989498,620.0
1989530,640.0
1989562,640.0
1989593,620.0
1989625,640.0
1989657,640.0
1989689,640.0
1989721,640.0
1989752,620.0
1989784,640.0
1989816,640.0
1989848,640.0
1989880,640.0
1989912,640.0
1989944,640.0
1989976,640.0
1990008,640.0
1990040,640.0
1990071,620.0
1990103,640.0
1990135,640.0
1990167,640.0
1990199,640.0
1990230,620.0
1990262,640.0
1990294,640.0
1990326,640.0
1990357,620.0
1990389,640.0
1990421,640.0
1990453,640.0
1990484,620.0
1990516,640.0
1990548,640.0
1990579,620.0
1990611,640.0
1990643,640.0
1990674,620.0
1990706,640.0
1990738,640.0
1990769,620.0
1990801,640.0
1990832,620.0
1990864,640.0
1990896,640.0
1990927,620.0
1990959,640.0
1990991,640.0
1991022,620.0
1991054,640.0
1991086,640.0
1991117,620.0
1991149,640.0
1991180,620.0
1991212,640.0
1991244,640.0
1991275,620.0
1991307,640.0
1991339,640.0
1991370,620.0
1991402,640.0
1991434,640.0
1991466,640.0
1991497,620.0
1991529,640.0
1991561,640.0
1991593,640.0
1991624,620.0
1991656,640.0
1991688,640.0
1991719,620.0
1991751,640.0
1991783,640.0
1991814,620.0
1991846,640.0
1991877,620.0
1991909,640.0
1991941,640.0
1991972,620.0
1992004,640.0
1992035,620.0
1992067,640.0
1992098,620.0
1992130,640.0
1992162,640.0
1992193,620.0
1992225,640.0
1992257,640.0
1992289,640.0
1992320,620.0
1992352,640.0
1992384,640.0
1992415,620.0
1992447,640.0
1992479,640.0
1992511,640.0
1992543,640.0
1992574,620.0
1992606,640.0
1992638,640.0
1992670,640.0
1992701,620.0
1992733,640.0
1992765,640.0
1992796,620.0
1992828,640.0
1992860,640.0
1992892,640.0
1992923,620.0
1992955,640.0
1992987,640.0
1993019,640.0
1993050,620.0
1993082,640.0
1993114,640.0
1993146,640.0
1993178,640.0
1993210,640.0
1993241,620.0
1993273,640.0
1993305,640.0
1993337,640.0
1993369,640.0
1993401,640.0
1993433,640.0
1993464,620.0
1993496,640.0
1993528,640.0
1993560,640.0
1993592,640.0
1993624,640.0
1993656,640.0
1993688,640.0
1993720,640.0
1993752,640.0
1993783,620.0
1993815,640.0
1993847,640.0
1993879,640.0
1993911,640.0
1993942,620.0
1993974,640.0
1994006,640.0
1994037,620.0
1994069,640.0
1994101,640.0
1994132,620.0
1994164,640.0
1994196,640.0
1994227,620.0
1994259,640.0
1994291,640.0
1994322,620.0
1994354,640.0
1994386,640.0
1994418,640.0
1994450,640.0
1994481,620.0
1994513,640.0
1994545,640.0
1994577,640.0
1994608,620.0
1994640,640.0
1994671,620.0
1994703,640.0
1994735,640.0
1994766,620.0
1994798,640.0
1994830,640.0
1994861,620.0
1994893,640.0
1994925,640.0
1994956,620.0
1994988,640.0
1995020,640.0
1995051,620.0
1995083,640.0
1995115,640.0
1995146,620.0
1995178,640.0
1995209,620.0
1995241,640.0
1995273,640.0
1995305,640.0
1995336,620.0
1995368,640.0
1995399,620.0
1995431,640.0
1995463,640.0
1995494,620.0
1995526,640.0
1995557,620.0
1995589,640.0
1995620,620.0
1995652,640.0
1995684,640.0
1995715,620.0
1995747,640.0
1995778,620.0
1995810,640.0
1995842,640.0
1995873,620.0
1995905,640.0
1995937,640.0
1995968,620.0
1996000,640.0
1996032,640.0
1996064,640.0
1996095,620.0
1996127,640.0
1996159,640.0
1996191,640.0
1996222,620.0
1996254,640.0
1996286,640.0
1996318,640.0
1996349,620.0
1996381,640.0
1996413,640.0
1996444,620.0
1996476,640.0
1996508,640.0
1996539,620.0
1996571,640.0
1996603,640.0
1996635,640.0
1996666,620.0
1996698,640.0
1996730,640.0
1996762,640.0
1996794,640.0
1996825,620.0
1996857,640.0
1996889,640.0
1996921,640.0
1996953,640.0
1996984,620.0
1997016,640.0
1997048,640.0
1997080,640.0
1997112,640.0
1997143,620.0
1997175,640.0
1997207,640.0
1997239,640.0
1997271,640.0
1997303,640.0
1997334,620.0
1997366,640.0
1997398,640.0
1997430,640.0
1997462,640.0
1997494,640.0
1997526,640.0
1997558,640.0
1997590,640.0
1997622,640.0
1997653,620.0
1997685,640.0
1997717,640.0
1997748,620.0
1997780,640.0
1997812,640.0
1997844,640.0
1997875,620.0
1997907,640.0
1997939,640.0
1997970,620.0
1998002,640.0
1998034,640.0
1998065,620.0
1998097,640.0
1998129,640.0
1998161,640.0
1998193,640.0
1998224,620.0
1998256,640.0
1998288,640.0
1998320,640.0
1998352,640.0
1998383,620.0
1998415,640.0
1998447,640.0
1998478,620.0
1998510,640.0
1998542,640.0
1998573,620.0
1998605,640.0
1998637,640.0
1998669,640.0
1998701,640.0
1998732,620.0
1998764,640.0
1998796,640.0
1998828,640.0
1998860,640.0
1998892,640.0
1998923,620.0
1998955,640.0
1998987,640.0
1999019,640.0
1999051,640.0
1999083,640.0
1999115,640.0
1999147,640.0
1999179,640.0
1999211,640.0
1999242,620.0
1999274,640.0
1999306,640.0
1999337,620.0
1999369,640.0
1999401,640.0
1999433,640.0
1999464,620.0
1999496,640.0
1999528,640.0
1999560,640.0
1999591,620.0
1999623,640.0
1999655,640.0
1999687,640.0
1999719,640.0
1999750,620.0
1999782,640.0
1999814,640.0
1999845,620.0
1999877,640.0
1999909,640.0
1999941,640.0
